date,metric,segment,value
2024-01-01,revenue,enterprise,10496.71
2024-01-01,revenue,consumer,4930.87
2024-01-01,revenue,premium,10647.69
2024-01-01,revenue,free,5761.51
2024-01-01,users,enterprise,988.29
2024-01-01,users,consumer,4941.47
2024-01-01,users,premium,1078.96
2024-01-01,users,free,5191.86
2024-01-01,engagement,enterprise,0.73
2024-01-01,engagement,consumer,0.68
2024-01-01,engagement,premium,0.73
2024-01-01,engagement,free,0.63
2024-01-01,retention,enterprise,0.76
2024-01-01,retention,consumer,0.55
2024-01-01,retention,premium,0.66
2024-01-01,retention,free,0.62
2024-01-01,conversion,enterprise,0.7
2024-01-01,conversion,consumer,0.67
2024-01-01,conversion,premium,0.7
2024-01-01,conversion,free,0.58
2024-01-02,revenue,enterprise,11465.65
2024-01-02,revenue,consumer,4887.11
2024-01-02,revenue,premium,10067.53
2024-01-02,revenue,free,4287.63
2024-01-02,users,enterprise,972.78
2024-01-02,users,consumer,5027.73
2024-01-02,users,premium,942.45
2024-01-02,users,free,5093.92
2024-01-02,engagement,enterprise,0.72
2024-01-02,engagement,consumer,0.64
2024-01-02,engagement,premium,0.72
2024-01-02,engagement,free,0.74
2024-01-02,retention,enterprise,0.75
2024-01-02,retention,consumer,0.6
2024-01-02,retention,premium,0.79
2024-01-02,retention,free,0.59
2024-01-02,conversion,enterprise,0.76
2024-01-02,conversion,consumer,0.55
2024-01-02,conversion,premium,0.68
2024-01-02,conversion,free,0.66
2024-01-03,revenue,enterprise,10738.47
2024-01-03,revenue,consumer,5085.68
2024-01-03,revenue,premium,9884.35
2024-01-03,revenue,free,4849.45
2024-01-03,users,enterprise,926.07
2024-01-03,users,consumer,4820.04
2024-01-03,users,premium,976.97
2024-01-03,users,free,5264.28
2024-01-03,engagement,enterprise,0.77
2024-01-03,engagement,consumer,0.56
2024-01-03,engagement,premium,0.77
2024-01-03,engagement,free,0.63
2024-01-03,retention,enterprise,0.72
2024-01-03,retention,consumer,0.68
2024-01-03,retention,premium,0.8
2024-01-03,retention,free,0.7
2024-01-03,conversion,enterprise,0.71
2024-01-03,conversion,consumer,0.63
2024-01-03,conversion,premium,0.77
2024-01-03,conversion,free,0.7
2024-01-04,revenue,enterprise,9520.83
2024-01-04,revenue,consumer,4907.17
2024-01-04,revenue,premium,8893.67
2024-01-04,revenue,free,4401.9
2024-01-04,users,enterprise,1040.63
2024-01-04,users,consumer,5339.06
2024-01-04,users,premium,996.4
2024-01-04,users,free,5250.88
2024-01-04,engagement,enterprise,0.77
2024-01-04,engagement,consumer,0.62
2024-01-04,engagement,premium,0.77
2024-01-04,engagement,free,0.73
2024-01-04,retention,enterprise,0.75
2024-01-04,retention,consumer,0.73
2024-01-04,retention,premium,0.62
2024-01-04,retention,free,0.69
2024-01-04,conversion,enterprise,0.75
2024-01-04,conversion,consumer,0.64
2024-01-04,conversion,premium,0.75
2024-01-04,conversion,free,0.55
2024-01-05,revenue,enterprise,9780.33
2024-01-05,revenue,consumer,5178.56
2024-01-05,revenue,premium,11477.89
2024-01-05,revenue,free,4740.86
2024-01-05,users,enterprise,959.58
2024-01-05,users,consumer,4874.56
2024-01-05,users,premium,1045.77
2024-01-05,users,free,5082.19
2024-01-05,engagement,enterprise,0.72
2024-01-05,engagement,consumer,0.68
2024-01-05,engagement,premium,0.75
2024-01-05,engagement,free,0.7
2024-01-05,retention,enterprise,0.71
2024-01-05,retention,consumer,0.63
2024-01-05,retention,premium,0.73
2024-01-05,retention,free,0.58
2024-01-05,conversion,enterprise,0.76
2024-01-05,conversion,consumer,0.66
2024-01-05,conversion,premium,0.75
2024-01-05,conversion,free,0.64
2024-01-06,revenue,enterprise,8584.63
2024-01-06,revenue,consumer,4789.68
2024-01-06,revenue,premium,9657.29
2024-01-06,revenue,free,4598.86
2024-01-06,users,enterprise,991.94
2024-01-06,users,consumer,5101.01
2024-01-06,users,premium,1094.31
2024-01-06,users,free,5043.64
2024-01-06,engagement,enterprise,0.76
2024-01-06,engagement,consumer,0.65
2024-01-06,engagement,premium,0.65
2024-01-06,engagement,free,0.65
2024-01-06,retention,enterprise,0.75
2024-01-06,retention,consumer,0.77
2024-01-06,retention,premium,0.74
2024-01-06,retention,free,0.67
2024-01-06,conversion,enterprise,0.75
2024-01-06,conversion,consumer,0.59
2024-01-06,conversion,premium,0.81
2024-01-06,conversion,free,0.69
2024-01-07,revenue,enterprise,10791.03
2024-01-07,revenue,consumer,4545.31
2024-01-07,revenue,premium,11402.79
2024-01-07,revenue,free,4299.07
2024-01-07,users,enterprise,1029.34
2024-01-07,users,consumer,5547.61
2024-01-07,users,premium,950.47
2024-01-07,users,free,4858.43
2024-01-07,engagement,enterprise,0.75
2024-01-07,engagement,consumer,0.62
2024-01-07,engagement,premium,0.67
2024-01-07,engagement,free,0.65
2024-01-07,retention,enterprise,0.7
2024-01-07,retention,consumer,0.67
2024-01-07,retention,premium,0.7
2024-01-07,retention,free,0.73
2024-01-07,conversion,enterprise,0.71
2024-01-07,conversion,consumer,0.63
2024-01-07,conversion,premium,0.79
2024-01-07,conversion,free,0.59
2024-01-08,revenue,enterprise,10227.46
2024-01-08,revenue,consumer,5653.57
2024-01-08,revenue,premium,8392.52
2024-01-08,revenue,free,5092.32
2024-01-08,users,enterprise,1012.99
2024-01-08,users,consumer,5195.46
2024-01-08,users,premium,938.15
2024-01-08,users,free,4669.89
2024-01-08,engagement,enterprise,0.78
2024-01-08,engagement,consumer,0.66
2024-01-08,engagement,premium,0.76
2024-01-08,engagement,free,0.67
2024-01-08,retention,enterprise,0.72
2024-01-08,retention,consumer,0.66
2024-01-08,retention,premium,0.76
2024-01-08,retention,free,0.61
2024-01-08,conversion,enterprise,0.84
2024-01-08,conversion,consumer,0.67
2024-01-08,conversion,premium,0.69
2024-01-08,conversion,free,0.68
2024-01-09,revenue,enterprise,9025.32
2024-01-09,revenue,consumer,5393.54
2024-01-09,revenue,premium,11158.6
2024-01-09,revenue,free,4589.66
2024-01-09,users,enterprise,1048.17
2024-01-09,users,consumer,5103.2
2024-01-09,users,premium,1041.1
2024-01-09,users,free,5474.2
2024-01-09,engagement,enterprise,0.74
2024-01-09,engagement,consumer,0.61
2024-01-09,engagement,premium,0.71
2024-01-09,engagement,free,0.61
2024-01-09,retention,enterprise,0.75
2024-01-09,retention,consumer,0.67
2024-01-09,retention,premium,0.76
2024-01-09,retention,free,0.69
2024-01-09,conversion,enterprise,0.75
2024-01-09,conversion,consumer,0.72
2024-01-09,conversion,premium,0.74
2024-01-09,conversion,free,0.79
2024-01-10,revenue,enterprise,10625.67
2024-01-10,revenue,consumer,4571.42
2024-01-10,revenue,premium,8929.11
2024-01-10,revenue,free,5241.24
2024-01-10,users,enterprise,988.83
2024-01-10,users,consumer,5178.5
2024-01-10,users,premium,1023.66
2024-01-10,users,free,4981.79
2024-01-10,engagement,enterprise,0.71
2024-01-10,engagement,consumer,0.57
2024-01-10,engagement,premium,0.73
2024-01-10,engagement,free,0.69
2024-01-10,retention,enterprise,0.76
2024-01-10,retention,consumer,0.59
2024-01-10,retention,premium,0.76
2024-01-10,retention,free,0.67
2024-01-10,conversion,enterprise,0.71
2024-01-10,conversion,consumer,0.66
2024-01-10,conversion,premium,0.75
2024-01-10,conversion,free,0.59
2024-01-11,revenue,enterprise,10357.79
2024-01-11,revenue,consumer,5280.39
2024-01-11,revenue,premium,11083.05
2024-01-11,revenue,free,5526.9
2024-01-11,users,enterprise,931.12
2024-01-11,users,consumer,4765.54
2024-01-11,users,premium,1025.75
2024-01-11,users,free,5128.45
2024-01-11,engagement,enterprise,0.78
2024-01-11,engagement,consumer,0.84
2024-01-11,engagement,premium,0.78
2024-01-11,engagement,free,0.71
2024-01-11,retention,enterprise,0.8
2024-01-11,retention,consumer,0.68
2024-01-11,retention,premium,0.73
2024-01-11,retention,free,0.69
2024-01-11,conversion,enterprise,0.71
2024-01-11,conversion,consumer,0.64
2024-01-11,conversion,premium,0.73
2024-01-11,conversion,free,0.65
2024-01-12,revenue,enterprise,12314.66
2024-01-12,revenue,consumer,4066.37
2024-01-12,revenue,premium,10686.26
2024-01-12,revenue,free,4193.64
2024-01-12,users,enterprise,976.4
2024-01-12,users,consumer,5272.24
2024-01-12,users,premium,1003.21
2024-01-12,users,free,4730.56
2024-01-12,engagement,enterprise,0.71
2024-01-12,engagement,consumer,0.68
2024-01-12,engagement,premium,0.71
2024-01-12,engagement,free,0.66
2024-01-12,retention,enterprise,0.75
2024-01-12,retention,consumer,0.62
2024-01-12,retention,premium,0.86
2024-01-12,retention,free,0.68
2024-01-12,conversion,enterprise,0.65
2024-01-12,conversion,consumer,0.66
2024-01-12,conversion,premium,0.72
2024-01-12,conversion,free,0.69
2024-01-13,revenue,enterprise,9207.48
2024-01-13,revenue,consumer,4942.63
2024-01-13,revenue,premium,10504.99
2024-01-13,revenue,free,5432.88
2024-01-13,users,enterprise,939.99
2024-01-13,users,consumer,4916.37
2024-01-13,users,premium,976.25
2024-01-13,users,free,4836.67
2024-01-13,engagement,enterprise,0.84
2024-01-13,engagement,consumer,0.67
2024-01-13,engagement,premium,0.69
2024-01-13,engagement,free,0.7
2024-01-13,retention,enterprise,0.86
2024-01-13,retention,consumer,0.7
2024-01-13,retention,premium,0.67
2024-01-13,retention,free,0.63
2024-01-13,conversion,enterprise,0.81
2024-01-13,conversion,consumer,0.61
2024-01-13,conversion,premium,0.77
2024-01-13,conversion,free,0.69
2024-01-14,revenue,enterprise,9073.07
2024-01-14,revenue,consumer,4970.24
2024-01-14,revenue,premium,6758.73
2024-01-14,revenue,free,4487.81
2024-01-14,users,enterprise,987.37
2024-01-14,users,consumer,4688.05
2024-01-14,users,premium,1081.62
2024-01-14,users,free,4642.46
2024-01-14,engagement,enterprise,0.73
2024-01-14,engagement,consumer,0.66
2024-01-14,engagement,premium,0.82
2024-01-14,engagement,free,0.58
2024-01-14,retention,enterprise,0.81
2024-01-14,retention,consumer,0.65
2024-01-14,retention,premium,0.7
2024-01-14,retention,free,0.67
2024-01-14,conversion,enterprise,0.76
2024-01-14,conversion,consumer,0.62
2024-01-14,conversion,premium,0.75
2024-01-14,conversion,free,0.63
2024-01-15,revenue,enterprise,10113.52
2024-01-15,revenue,consumer,5331.07
2024-01-15,revenue,premium,11586.02
2024-01-15,revenue,free,4381.09
2024-01-15,users,enterprise,1106.65
2024-01-15,users,consumer,4511.98
2024-01-15,users,premium,992.41
2024-01-15,users,free,5147.08
2024-01-15,engagement,enterprise,0.76
2024-01-15,engagement,consumer,0.62
2024-01-15,engagement,premium,0.74
2024-01-15,engagement,free,0.63
2024-01-15,retention,enterprise,0.72
2024-01-15,retention,consumer,0.69
2024-01-15,retention,premium,0.77
2024-01-15,retention,free,0.62
2024-01-15,conversion,enterprise,0.79
2024-01-15,conversion,consumer,0.67
2024-01-15,conversion,premium,0.79
2024-01-15,conversion,free,0.68
2024-01-16,revenue,enterprise,9171.0
2024-01-16,revenue,consumer,4719.91
2024-01-16,revenue,premium,10747.29
2024-01-16,revenue,free,5305.19
2024-01-16,users,enterprise,998.95
2024-01-16,users,consumer,5029.33
2024-01-16,users,premium,1063.88
2024-01-16,users,free,4852.11
2024-01-16,engagement,enterprise,0.78
2024-01-16,engagement,consumer,0.64
2024-01-16,engagement,premium,0.74
2024-01-16,engagement,free,0.7
2024-01-16,retention,enterprise,0.79
2024-01-16,retention,consumer,0.69
2024-01-16,retention,premium,0.82
2024-01-16,retention,free,0.65
2024-01-16,conversion,enterprise,0.78
2024-01-16,conversion,consumer,0.63
2024-01-16,conversion,premium,0.77
2024-01-16,conversion,free,0.64
2024-01-17,revenue,enterprise,10097.0
2024-01-17,revenue,consumer,5297.58
2024-01-17,revenue,premium,9181.78
2024-01-17,revenue,free,6046.19
2024-01-17,users,enterprise,949.7
2024-01-17,users,consumer,4696.45
2024-01-17,users,premium,1057.91
2024-01-17,users,free,5197.92
2024-01-17,engagement,enterprise,0.78
2024-01-17,engagement,consumer,0.68
2024-01-17,engagement,premium,0.75
2024-01-17,engagement,free,0.61
2024-01-17,retention,enterprise,0.75
2024-01-17,retention,consumer,0.62
2024-01-17,retention,premium,0.8
2024-01-17,retention,free,0.64
2024-01-17,conversion,enterprise,0.71
2024-01-17,conversion,consumer,0.63
2024-01-17,conversion,premium,0.77
2024-01-17,conversion,free,0.62
2024-01-18,revenue,enterprise,9177.78
2024-01-18,revenue,consumer,5121.84
2024-01-18,revenue,premium,10244.97
2024-01-18,revenue,free,4746.53
2024-01-18,users,enterprise,976.45
2024-01-18,users,consumer,5058.01
2024-01-18,users,premium,927.6
2024-01-18,users,free,4648.13
2024-01-18,engagement,enterprise,0.71
2024-01-18,engagement,consumer,0.64
2024-01-18,engagement,premium,0.77
2024-01-18,engagement,free,0.72
2024-01-18,retention,enterprise,0.79
2024-01-18,retention,consumer,0.64
2024-01-18,retention,premium,0.75
2024-01-18,retention,free,0.6
2024-01-18,conversion,enterprise,0.75
2024-01-18,conversion,consumer,0.64
2024-01-18,conversion,premium,0.77
2024-01-18,conversion,free,0.61
2024-01-19,revenue,enterprise,10519.35
2024-01-19,revenue,consumer,5766.37
2024-01-19,revenue,premium,9891.24
2024-01-19,revenue,free,5200.86
2024-01-19,users,enterprise,1034.51
2024-01-19,users,consumer,4899.69
2024-01-19,users,premium,1011.2
2024-01-19,users,free,5003.15
2024-01-19,engagement,enterprise,0.75
2024-01-19,engagement,consumer,0.61
2024-01-19,engagement,premium,0.75
2024-01-19,engagement,free,0.67
2024-01-19,retention,enterprise,0.82
2024-01-19,retention,consumer,0.7
2024-01-19,retention,premium,0.86
2024-01-19,retention,free,0.61
2024-01-19,conversion,enterprise,0.79
2024-01-19,conversion,consumer,0.66
2024-01-19,conversion,premium,0.86
2024-01-19,conversion,free,0.61
2024-01-20,revenue,enterprise,9160.28
2024-01-20,revenue,consumer,4700.3
2024-01-20,revenue,premium,7876.1
2024-01-20,revenue,free,4737.12
2024-01-20,users,enterprise,962.04
2024-01-20,users,consumer,5037.6
2024-01-20,users,premium,1017.09
2024-01-20,users,free,5469.04
2024-01-20,engagement,enterprise,0.8
2024-01-20,engagement,consumer,0.62
2024-01-20,engagement,premium,0.71
2024-01-20,engagement,free,0.67
2024-01-20,retention,enterprise,0.68
2024-01-20,retention,consumer,0.74
2024-01-20,retention,premium,0.81
2024-01-20,retention,free,0.63
2024-01-20,conversion,enterprise,0.66
2024-01-20,conversion,consumer,0.72
2024-01-20,conversion,premium,0.74
2024-01-20,conversion,free,0.71
2024-01-21,revenue,enterprise,8405.57
2024-01-21,revenue,consumer,4700.31
2024-01-21,revenue,premium,10005.24
2024-01-21,revenue,free,5023.49
2024-01-21,users,enterprise,977.5
2024-01-21,users,consumer,5155.71
2024-01-21,users,premium,946.62
2024-01-21,users,free,4964.41
2024-01-21,engagement,enterprise,0.76
2024-01-21,engagement,consumer,0.68
2024-01-21,engagement,premium,0.79
2024-01-21,engagement,free,0.59
2024-01-21,retention,enterprise,0.67
2024-01-21,retention,consumer,0.71
2024-01-21,retention,premium,0.77
2024-01-21,retention,free,0.61
2024-01-21,conversion,enterprise,0.83
2024-01-21,conversion,consumer,0.66
2024-01-21,conversion,premium,0.81
2024-01-21,conversion,free,0.65
2024-01-22,revenue,enterprise,12060.75
2024-01-22,revenue,consumer,5877.67
2024-01-22,revenue,premium,9751.04
2024-01-22,revenue,free,5485.79
2024-01-22,users,enterprise,1032.27
2024-01-22,users,consumer,5342.16
2024-01-22,users,premium,951.75
2024-01-22,users,free,5171.51
2024-01-22,engagement,enterprise,0.8
2024-01-22,engagement,consumer,0.56
2024-01-22,engagement,premium,0.69
2024-01-22,engagement,free,0.55
2024-01-22,retention,enterprise,0.74
2024-01-22,retention,consumer,0.69
2024-01-22,retention,premium,0.83
2024-01-22,retention,free,0.65
2024-01-22,conversion,enterprise,0.83
2024-01-22,conversion,consumer,0.58
2024-01-22,conversion,premium,0.66
2024-01-22,conversion,free,0.65
2024-01-23,revenue,enterprise,10384.07
2024-01-23,revenue,consumer,4983.65
2024-01-23,revenue,premium,7932.56
2024-01-23,revenue,free,4955.44
2024-01-23,users,enterprise,934.78
2024-01-23,users,consumer,5167.42
2024-01-23,users,premium,1018.33
2024-01-23,users,free,4765.03
2024-01-23,engagement,enterprise,0.72
2024-01-23,engagement,consumer,0.6
2024-01-23,engagement,premium,0.75
2024-01-23,engagement,free,0.7
2024-01-23,retention,enterprise,0.7
2024-01-23,retention,consumer,0.68
2024-01-23,retention,premium,0.72
2024-01-23,retention,free,0.61
2024-01-23,conversion,enterprise,0.74
2024-01-23,conversion,consumer,0.6
2024-01-23,conversion,premium,0.72
2024-01-23,conversion,free,0.59
2024-01-24,revenue,enterprise,11964.73
2024-01-24,revenue,consumer,5017.63
2024-01-24,revenue,premium,9300.27
2024-01-24,revenue,free,5106.99
2024-01-24,users,enterprise,994.38
2024-01-24,users,consumer,4944.76
2024-01-24,users,premium,1030.71
2024-01-24,users,free,5189.38
2024-01-24,engagement,enterprise,0.72
2024-01-24,engagement,consumer,0.62
2024-01-24,engagement,premium,0.74
2024-01-24,engagement,free,0.53
2024-01-24,retention,enterprise,0.67
2024-01-24,retention,consumer,0.72
2024-01-24,retention,premium,0.83
2024-01-24,retention,free,0.64
2024-01-24,conversion,enterprise,0.78
2024-01-24,conversion,consumer,0.67
2024-01-24,conversion,premium,0.9
2024-01-24,conversion,free,0.71
2024-01-25,revenue,enterprise,9872.08
2024-01-25,revenue,consumer,4522.23
2024-01-25,revenue,premium,8393.55
2024-01-25,revenue,free,5101.73
2024-01-25,users,enterprise,962.18
2024-01-25,users,consumer,4644.44
2024-01-25,users,premium,967.67
2024-01-25,users,free,4729.61
2024-01-25,engagement,enterprise,0.83
2024-01-25,engagement,consumer,0.69
2024-01-25,engagement,premium,0.75
2024-01-25,engagement,free,0.72
2024-01-25,retention,enterprise,0.75
2024-01-25,retention,consumer,0.61
2024-01-25,retention,premium,0.83
2024-01-25,retention,free,0.68
2024-01-25,conversion,enterprise,0.7
2024-01-25,conversion,consumer,0.64
2024-01-25,conversion,premium,0.71
2024-01-25,conversion,free,0.58
2024-01-26,revenue,enterprise,10926.18
2024-01-26,revenue,consumer,5954.71
2024-01-26,revenue,premium,8601.43
2024-01-26,revenue,free,5281.48
2024-01-26,users,enterprise,967.47
2024-01-26,users,consumer,4878.22
2024-01-26,users,premium,970.38
2024-01-26,users,free,4784.0
2024-01-26,engagement,enterprise,0.75
2024-01-26,engagement,consumer,0.61
2024-01-26,engagement,premium,0.76
2024-01-26,engagement,free,0.65
2024-01-26,retention,enterprise,0.74
2024-01-26,retention,consumer,0.6
2024-01-26,retention,premium,0.72
2024-01-26,retention,free,0.69
2024-01-26,conversion,enterprise,0.78
2024-01-26,conversion,consumer,0.6
2024-01-26,conversion,premium,0.75
2024-01-26,conversion,free,0.69
2024-01-27,revenue,enterprise,8330.59
2024-01-27,revenue,consumer,5271.68
2024-01-27,revenue,premium,9337.38
2024-01-27,revenue,free,5285.3
2024-01-27,users,enterprise,961.84
2024-01-27,users,consumer,4548.78
2024-01-27,users,premium,918.62
2024-01-27,users,free,5012.02
2024-01-27,engagement,enterprise,0.76
2024-01-27,engagement,consumer,0.6
2024-01-27,engagement,premium,0.78
2024-01-27,engagement,free,0.57
2024-01-27,retention,enterprise,0.75
2024-01-27,retention,consumer,0.59
2024-01-27,retention,premium,0.72
2024-01-27,retention,free,0.65
2024-01-27,conversion,enterprise,0.71
2024-01-27,conversion,consumer,0.63
2024-01-27,conversion,premium,0.8
2024-01-27,conversion,free,0.62
2024-01-28,revenue,enterprise,10835.69
2024-01-28,revenue,consumer,4435.15
2024-01-28,revenue,premium,10529.8
2024-01-28,revenue,free,5720.78
2024-01-28,users,enterprise,876.42
2024-01-28,users,consumer,4800.78
2024-01-28,users,premium,1028.85
2024-01-28,users,free,4949.24
2024-01-28,engagement,enterprise,0.77
2024-01-28,engagement,consumer,0.62
2024-01-28,engagement,premium,0.75
2024-01-28,engagement,free,0.64
2024-01-28,retention,enterprise,0.81
2024-01-28,retention,consumer,0.66
2024-01-28,retention,premium,0.77
2024-01-28,retention,free,0.63
2024-01-28,conversion,enterprise,0.73
2024-01-28,conversion,consumer,0.63
2024-01-28,conversion,premium,0.77
2024-01-28,conversion,free,0.63
2024-01-29,revenue,enterprise,10289.77
2024-01-29,revenue,consumer,6037.7
2024-01-29,revenue,premium,10871.12
2024-01-29,revenue,free,4836.99
2024-01-29,users,enterprise,1060.06
2024-01-29,users,consumer,4897.98
2024-01-29,users,premium,898.09
2024-01-29,users,free,4747.98
2024-01-29,engagement,enterprise,0.66
2024-01-29,engagement,consumer,0.63
2024-01-29,engagement,premium,0.75
2024-01-29,engagement,free,0.73
2024-01-29,retention,enterprise,0.77
2024-01-29,retention,consumer,0.64
2024-01-29,retention,premium,0.79
2024-01-29,retention,free,0.54
2024-01-29,conversion,enterprise,0.76
2024-01-29,conversion,consumer,0.69
2024-01-29,conversion,premium,0.68
2024-01-29,conversion,free,0.71
2024-01-30,revenue,enterprise,10338.5
2024-01-30,revenue,consumer,4792.36
2024-01-30,revenue,premium,10632.78
2024-01-30,revenue,free,6135.35
2024-01-30,users,enterprise,1009.09
2024-01-30,users,consumer,5062.06
2024-01-30,users,premium,977.03
2024-01-30,users,free,4787.54
2024-01-30,engagement,enterprise,0.79
2024-01-30,engagement,consumer,0.61
2024-01-30,engagement,premium,0.75
2024-01-30,engagement,free,0.63
2024-01-30,retention,enterprise,0.77
2024-01-30,retention,consumer,0.67
2024-01-30,retention,premium,0.8
2024-01-30,retention,free,0.62
2024-01-30,conversion,enterprise,0.74
2024-01-30,conversion,consumer,0.6
2024-01-30,conversion,premium,0.73
2024-01-30,conversion,free,0.67
2024-01-31,revenue,enterprise,10756.99
2024-01-31,revenue,consumer,4538.92
2024-01-31,revenue,premium,10869.61
2024-01-31,revenue,free,5677.82
2024-01-31,users,enterprise,1020.67
2024-01-31,users,consumer,5469.2
2024-01-31,users,premium,961.31
2024-01-31,users,free,4688.84
2024-01-31,engagement,enterprise,0.66
2024-01-31,engagement,consumer,0.72
2024-01-31,engagement,premium,0.78
2024-01-31,engagement,free,0.65
2024-01-31,retention,enterprise,0.76
2024-01-31,retention,consumer,0.59
2024-01-31,retention,premium,0.87
2024-01-31,retention,free,0.66
2024-01-31,conversion,enterprise,0.76
2024-01-31,conversion,consumer,0.69
2024-01-31,conversion,premium,0.77
2024-01-31,conversion,free,0.66
2024-02-01,revenue,enterprise,9209.53
2024-02-01,revenue,consumer,5235.73
2024-02-01,revenue,premium,11882.02
2024-02-01,revenue,free,5672.71
2024-02-01,users,enterprise,1079.66
2024-02-01,users,consumer,4872.2
2024-02-01,users,premium,950.52
2024-02-01,users,free,4968.55
2024-02-01,engagement,enterprise,0.75
2024-02-01,engagement,consumer,0.7
2024-02-01,engagement,premium,0.67
2024-02-01,engagement,free,0.73
2024-02-01,retention,enterprise,0.74
2024-02-01,retention,consumer,0.63
2024-02-01,retention,premium,0.7
2024-02-01,retention,free,0.57
2024-02-01,conversion,enterprise,0.79
2024-02-01,conversion,consumer,0.65
2024-02-01,conversion,premium,0.69
2024-02-01,conversion,free,0.59
2024-02-02,revenue,enterprise,9664.22
2024-02-02,revenue,consumer,5834.51
2024-02-02,revenue,premium,9740.41
2024-02-02,revenue,free,4248.43
2024-02-02,users,enterprise,987.71
2024-02-02,users,consumer,4931.82
2024-02-02,users,premium,865.16
2024-02-02,users,free,4986.43
2024-02-02,engagement,enterprise,0.74
2024-02-02,engagement,consumer,0.68
2024-02-02,engagement,premium,0.84
2024-02-02,engagement,free,0.71
2024-02-02,retention,enterprise,0.74
2024-02-02,retention,consumer,0.59
2024-02-02,retention,premium,0.88
2024-02-02,retention,free,0.65
2024-02-02,conversion,enterprise,0.75
2024-02-02,conversion,consumer,0.65
2024-02-02,conversion,premium,0.76
2024-02-02,conversion,free,0.64
2024-02-03,revenue,enterprise,9426.34
2024-02-03,revenue,consumer,4726.57
2024-02-03,revenue,premium,9967.25
2024-02-03,revenue,free,4728.29
2024-02-03,users,enterprise,964.36
2024-02-03,users,consumer,5026.61
2024-02-03,users,premium,987.25
2024-02-03,users,free,5376.0
2024-02-03,engagement,enterprise,0.62
2024-02-03,engagement,consumer,0.7
2024-02-03,engagement,premium,0.81
2024-02-03,engagement,free,0.55
2024-02-03,retention,enterprise,0.73
2024-02-03,retention,consumer,0.63
2024-02-03,retention,premium,0.68
2024-02-03,retention,free,0.61
2024-02-03,conversion,enterprise,0.69
2024-02-03,conversion,consumer,0.74
2024-02-03,conversion,premium,0.8
2024-02-03,conversion,free,0.71
2024-02-04,revenue,enterprise,10721.67
2024-02-04,revenue,consumer,4435.47
2024-02-04,revenue,premium,9475.48
2024-02-04,revenue,free,5244.69
2024-02-04,users,enterprise,938.89
2024-02-04,users,consumer,5178.25
2024-02-04,users,premium,987.98
2024-02-04,users,free,4906.29
2024-02-04,engagement,enterprise,0.79
2024-02-04,engagement,consumer,0.67
2024-02-04,engagement,premium,0.73
2024-02-04,engagement,free,0.71
2024-02-04,retention,enterprise,0.7
2024-02-04,retention,consumer,0.68
2024-02-04,retention,premium,0.78
2024-02-04,retention,free,0.63
2024-02-04,conversion,enterprise,0.77
2024-02-04,conversion,consumer,0.59
2024-02-04,conversion,premium,0.8
2024-02-04,conversion,free,0.64
2024-02-05,revenue,enterprise,9477.28
2024-02-05,revenue,consumer,5524.5
2024-02-05,revenue,premium,9295.66
2024-02-05,revenue,free,4295.77
2024-02-05,users,enterprise,922.17
2024-02-05,users,consumer,5151.5
2024-02-05,users,premium,935.98
2024-02-05,users,free,5438.7
2024-02-05,engagement,enterprise,0.65
2024-02-05,engagement,consumer,0.73
2024-02-05,engagement,premium,0.76
2024-02-05,engagement,free,0.65
2024-02-05,retention,enterprise,0.72
2024-02-05,retention,consumer,0.67
2024-02-05,retention,premium,0.75
2024-02-05,retention,free,0.71
2024-02-05,conversion,enterprise,0.76
2024-02-05,conversion,consumer,0.66
2024-02-05,conversion,premium,0.73
2024-02-05,conversion,free,0.65
2024-02-06,revenue,enterprise,10307.8
2024-02-06,revenue,consumer,4144.92
2024-02-06,revenue,premium,8651.81
2024-02-06,revenue,free,5371.63
2024-02-06,users,enterprise,1008.54
2024-02-06,users,consumer,4954.0
2024-02-06,users,premium,1000.92
2024-02-06,users,free,5086.9
2024-02-06,engagement,enterprise,0.72
2024-02-06,engagement,consumer,0.61
2024-02-06,engagement,premium,0.76
2024-02-06,engagement,free,0.6
2024-02-06,retention,enterprise,0.77
2024-02-06,retention,consumer,0.56
2024-02-06,retention,premium,0.8
2024-02-06,retention,free,0.67
2024-02-06,conversion,enterprise,0.76
2024-02-06,conversion,consumer,0.7
2024-02-06,conversion,premium,0.83
2024-02-06,conversion,free,0.7
2024-02-07,revenue,enterprise,8159.13
2024-02-07,revenue,consumer,4360.21
2024-02-07,revenue,premium,9375.18
2024-02-07,revenue,free,5013.05
2024-02-07,users,enterprise,1025.88
2024-02-07,users,consumer,4818.56
2024-02-07,users,premium,1009.34
2024-02-07,users,free,4811.15
2024-02-07,engagement,enterprise,0.72
2024-02-07,engagement,consumer,0.58
2024-02-07,engagement,premium,0.7
2024-02-07,engagement,free,0.58
2024-02-07,retention,enterprise,0.7
2024-02-07,retention,consumer,0.7
2024-02-07,retention,premium,0.7
2024-02-07,retention,free,0.78
2024-02-07,conversion,enterprise,0.77
2024-02-07,conversion,consumer,0.66
2024-02-07,conversion,premium,0.71
2024-02-07,conversion,free,0.69
2024-02-08,revenue,enterprise,9424.36
2024-02-08,revenue,consumer,5061.0
2024-02-08,revenue,premium,12560.08
2024-02-08,revenue,free,4951.97
2024-02-08,users,enterprise,1057.46
2024-02-08,users,consumer,4824.21
2024-02-08,users,premium,998.25
2024-02-08,users,free,5442.7
2024-02-08,engagement,enterprise,0.72
2024-02-08,engagement,consumer,0.74
2024-02-08,engagement,premium,0.79
2024-02-08,engagement,free,0.62
2024-02-08,retention,enterprise,0.78
2024-02-08,retention,consumer,0.7
2024-02-08,retention,premium,0.78
2024-02-08,retention,free,0.57
2024-02-08,conversion,enterprise,0.71
2024-02-08,conversion,consumer,0.64
2024-02-08,conversion,premium,0.75
2024-02-08,conversion,free,0.68
2024-02-09,revenue,enterprise,10177.7
2024-02-09,revenue,consumer,4332.33
2024-02-09,revenue,premium,10380.2
2024-02-09,revenue,free,5305.29
2024-02-09,users,enterprise,1027.99
2024-02-09,users,consumer,5270.2
2024-02-09,users,premium,1041.7
2024-02-09,users,free,5114.8
2024-02-09,engagement,enterprise,0.75
2024-02-09,engagement,consumer,0.57
2024-02-09,engagement,premium,0.77
2024-02-09,engagement,free,0.66
2024-02-09,retention,enterprise,0.76
2024-02-09,retention,consumer,0.59
2024-02-09,retention,premium,0.7
2024-02-09,retention,free,0.7
2024-02-09,conversion,enterprise,0.75
2024-02-09,conversion,consumer,0.68
2024-02-09,conversion,premium,0.75
2024-02-09,conversion,free,0.65
2024-02-10,revenue,enterprise,10938.28
2024-02-10,revenue,consumer,4741.98
2024-02-10,revenue,premium,10096.12
2024-02-10,revenue,free,4768.86
2024-02-10,users,enterprise,978.28
2024-02-10,users,consumer,4922.71
2024-02-10,users,premium,1011.11
2024-02-10,users,free,4880.31
2024-02-10,engagement,enterprise,0.81
2024-02-10,engagement,consumer,0.61
2024-02-10,engagement,premium,0.74
2024-02-10,engagement,free,0.63
2024-02-10,retention,enterprise,0.82
2024-02-10,retention,consumer,0.66
2024-02-10,retention,premium,0.8
2024-02-10,retention,free,0.58
2024-02-10,conversion,enterprise,0.76
2024-02-10,conversion,consumer,0.69
2024-02-10,conversion,premium,0.75
2024-02-10,conversion,free,0.7
2024-02-11,revenue,enterprise,9482.71
2024-02-11,revenue,consumer,5704.67
2024-02-11,revenue,premium,12298.9
2024-02-11,revenue,free,4818.58
2024-02-11,users,enterprise,977.72
2024-02-11,users,consumer,5363.35
2024-02-11,users,premium,1078.98
2024-02-11,users,free,4869.28
2024-02-11,engagement,enterprise,0.73
2024-02-11,engagement,consumer,0.64
2024-02-11,engagement,premium,0.68
2024-02-11,engagement,free,0.6
2024-02-11,retention,enterprise,0.7
2024-02-11,retention,consumer,0.61
2024-02-11,retention,premium,0.75
2024-02-11,retention,free,0.66
2024-02-11,conversion,enterprise,0.83
2024-02-11,conversion,consumer,0.6
2024-02-11,conversion,premium,0.8
2024-02-11,conversion,free,0.64
2024-02-12,revenue,enterprise,9950.54
2024-02-12,revenue,consumer,5337.41
2024-02-12,revenue,premium,8877.28
2024-02-12,revenue,free,5191.2
2024-02-12,users,enterprise,1008.32
2024-02-12,users,consumer,5123.11
2024-02-12,users,premium,1014.46
2024-02-12,users,free,5613.83
2024-02-12,engagement,enterprise,0.72
2024-02-12,engagement,consumer,0.62
2024-02-12,engagement,premium,0.72
2024-02-12,engagement,free,0.62
2024-02-12,retention,enterprise,0.72
2024-02-12,retention,consumer,0.71
2024-02-12,retention,premium,0.82
2024-02-12,retention,free,0.62
2024-02-12,conversion,enterprise,0.71
2024-02-12,conversion,consumer,0.67
2024-02-12,conversion,premium,0.72
2024-02-12,conversion,free,0.68
2024-02-13,revenue,enterprise,10202.92
2024-02-13,revenue,consumer,4242.13
2024-02-13,revenue,premium,11547.51
2024-02-13,revenue,free,5897.94
2024-02-13,users,enterprise,969.36
2024-02-13,users,consumer,4903.07
2024-02-13,users,premium,1014.29
2024-02-13,users,free,5083.61
2024-02-13,engagement,enterprise,0.78
2024-02-13,engagement,consumer,0.75
2024-02-13,engagement,premium,0.74
2024-02-13,engagement,free,0.61
2024-02-13,retention,enterprise,0.68
2024-02-13,retention,consumer,0.61
2024-02-13,retention,premium,0.75
2024-02-13,retention,free,0.74
2024-02-13,conversion,enterprise,0.72
2024-02-13,conversion,consumer,0.66
2024-02-13,conversion,premium,0.75
2024-02-13,conversion,free,0.71
2024-02-14,revenue,enterprise,12526.93
2024-02-14,revenue,consumer,4734.57
2024-02-14,revenue,premium,9510.56
2024-02-14,revenue,free,5522.08
2024-02-14,users,enterprise,1034.09
2024-02-14,users,consumer,5461.68
2024-02-14,users,premium,1029.2
2024-02-14,users,free,4910.18
2024-02-14,engagement,enterprise,0.78
2024-02-14,engagement,consumer,0.71
2024-02-14,engagement,premium,0.79
2024-02-14,engagement,free,0.68
2024-02-14,retention,enterprise,0.8
2024-02-14,retention,consumer,0.71
2024-02-14,retention,premium,0.82
2024-02-14,retention,free,0.68
2024-02-14,conversion,enterprise,0.74
2024-02-14,conversion,consumer,0.66
2024-02-14,conversion,premium,0.81
2024-02-14,conversion,free,0.61
2024-02-15,revenue,enterprise,10368.67
2024-02-15,revenue,consumer,4803.33
2024-02-15,revenue,premium,10028.74
2024-02-15,revenue,free,5639.23
2024-02-15,users,enterprise,1009.55
2024-02-15,users,consumer,5011.61
2024-02-15,users,premium,932.01
2024-02-15,users,free,5186.56
2024-02-15,engagement,enterprise,0.78
2024-02-15,engagement,consumer,0.76
2024-02-15,engagement,premium,0.73
2024-02-15,engagement,free,0.66
2024-02-15,retention,enterprise,0.76
2024-02-15,retention,consumer,0.73
2024-02-15,retention,premium,0.75
2024-02-15,retention,free,0.66
2024-02-15,conversion,enterprise,0.78
2024-02-15,conversion,consumer,0.66
2024-02-15,conversion,premium,0.73
2024-02-15,conversion,free,0.66
2024-02-16,revenue,enterprise,11073.63
2024-02-16,revenue,consumer,4486.74
2024-02-16,revenue,premium,10132.97
2024-02-16,revenue,free,4649.94
2024-02-16,users,enterprise,1059.75
2024-02-16,users,consumer,4619.2
2024-02-16,users,premium,972.05
2024-02-16,users,free,5094.3
2024-02-16,engagement,enterprise,0.83
2024-02-16,engagement,consumer,0.65
2024-02-16,engagement,premium,0.72
2024-02-16,engagement,free,0.74
2024-02-16,retention,enterprise,0.68
2024-02-16,retention,consumer,0.54
2024-02-16,retention,premium,0.77
2024-02-16,retention,free,0.62
2024-02-16,conversion,enterprise,0.7
2024-02-16,conversion,consumer,0.69
2024-02-16,conversion,premium,0.76
2024-02-16,conversion,free,0.62
2024-02-17,revenue,enterprise,8719.7
2024-02-17,revenue,consumer,5436.23
2024-02-17,revenue,premium,10650.2
2024-02-17,revenue,free,4950.41
2024-02-17,users,enterprise,1092.33
2024-02-17,users,consumer,4732.48
2024-02-17,users,premium,923.72
2024-02-17,users,free,4827.02
2024-02-17,engagement,enterprise,0.75
2024-02-17,engagement,consumer,0.66
2024-02-17,engagement,premium,0.74
2024-02-17,engagement,free,0.67
2024-02-17,retention,enterprise,0.69
2024-02-17,retention,consumer,0.72
2024-02-17,retention,premium,0.75
2024-02-17,retention,free,0.71
2024-02-17,conversion,enterprise,0.77
2024-02-17,conversion,consumer,0.67
2024-02-17,conversion,premium,0.78
2024-02-17,conversion,free,0.67
2024-02-18,revenue,enterprise,10642.72
2024-02-18,revenue,consumer,5664.58
2024-02-18,revenue,premium,10196.52
2024-02-18,revenue,free,5354.5
2024-02-18,users,enterprise,995.51
2024-02-18,users,consumer,5360.03
2024-02-18,users,premium,966.18
2024-02-18,users,free,5450.24
2024-02-18,engagement,enterprise,0.75
2024-02-18,engagement,consumer,0.58
2024-02-18,engagement,premium,0.76
2024-02-18,engagement,free,0.62
2024-02-18,retention,enterprise,0.79
2024-02-18,retention,consumer,0.62
2024-02-18,retention,premium,0.73
2024-02-18,retention,free,0.56
2024-02-18,conversion,enterprise,0.73
2024-02-18,conversion,consumer,0.53
2024-02-18,conversion,premium,0.67
2024-02-18,conversion,free,0.69
2024-02-19,revenue,enterprise,10785.8
2024-02-19,revenue,consumer,5212.73
2024-02-19,revenue,premium,9033.02
2024-02-19,revenue,free,4976.14
2024-02-19,users,enterprise,999.82
2024-02-19,users,consumer,4710.41
2024-02-19,users,premium,1075.17
2024-02-19,users,free,5219.34
2024-02-19,engagement,enterprise,0.74
2024-02-19,engagement,consumer,0.65
2024-02-19,engagement,premium,0.76
2024-02-19,engagement,free,0.55
2024-02-19,retention,enterprise,0.74
2024-02-19,retention,consumer,0.62
2024-02-19,retention,premium,0.7
2024-02-19,retention,free,0.64
2024-02-19,conversion,enterprise,0.84
2024-02-19,conversion,consumer,0.68
2024-02-19,conversion,premium,0.72
2024-02-19,conversion,free,0.68
2024-02-20,revenue,enterprise,11399.36
2024-02-20,revenue,consumer,5462.32
2024-02-20,revenue,premium,10059.63
2024-02-20,revenue,free,4676.53
2024-02-20,users,enterprise,1034.91
2024-02-20,users,consumer,5098.37
2024-02-20,users,premium,1044.76
2024-02-20,users,free,5158.79
2024-02-20,engagement,enterprise,0.8
2024-02-20,engagement,consumer,0.62
2024-02-20,engagement,premium,0.82
2024-02-20,engagement,free,0.66
2024-02-20,retention,enterprise,0.85
2024-02-20,retention,consumer,0.62
2024-02-20,retention,premium,0.84
2024-02-20,retention,free,0.66
2024-02-20,conversion,enterprise,0.72
2024-02-20,conversion,consumer,0.63
2024-02-20,conversion,premium,0.73
2024-02-20,conversion,free,0.67
2024-02-21,revenue,enterprise,10522.84
2024-02-21,revenue,consumer,4713.15
2024-02-21,revenue,premium,9975.65
2024-02-21,revenue,free,6071.14
2024-02-21,users,enterprise,1086.38
2024-02-21,users,consumer,5109.08
2024-02-21,users,premium,1001.9
2024-02-21,users,free,5030.01
2024-02-21,engagement,enterprise,0.78
2024-02-21,engagement,consumer,0.6
2024-02-21,engagement,premium,0.74
2024-02-21,engagement,free,0.57
2024-02-21,retention,enterprise,0.77
2024-02-21,retention,consumer,0.68
2024-02-21,retention,premium,0.73
2024-02-21,retention,free,0.73
2024-02-21,conversion,enterprise,0.69
2024-02-21,conversion,consumer,0.58
2024-02-21,conversion,premium,0.76
2024-02-21,conversion,free,0.7
2024-02-22,revenue,enterprise,11683.93
2024-02-22,revenue,consumer,4770.56
2024-02-22,revenue,premium,11078.68
2024-02-22,revenue,free,4980.75
2024-02-22,users,enterprise,991.37
2024-02-22,users,consumer,5220.91
2024-02-22,users,premium,1032.62
2024-02-22,users,free,4605.9
2024-02-22,engagement,enterprise,0.82
2024-02-22,engagement,consumer,0.72
2024-02-22,engagement,premium,0.72
2024-02-22,engagement,free,0.67
2024-02-22,retention,enterprise,0.77
2024-02-22,retention,consumer,0.66
2024-02-22,retention,premium,0.72
2024-02-22,retention,free,0.62
2024-02-22,conversion,enterprise,0.75
2024-02-22,conversion,consumer,0.71
2024-02-22,conversion,premium,0.78
2024-02-22,conversion,free,0.63
2024-02-23,revenue,enterprise,10771.7
2024-02-23,revenue,consumer,3575.73
2024-02-23,revenue,premium,11148.77
2024-02-23,revenue,free,4130.14
2024-02-23,users,enterprise,981.88
2024-02-23,users,consumer,4720.08
2024-02-23,users,premium,935.27
2024-02-23,users,free,5290.21
2024-02-23,engagement,enterprise,0.73
2024-02-23,engagement,consumer,0.67
2024-02-23,engagement,premium,0.75
2024-02-23,engagement,free,0.67
2024-02-23,retention,enterprise,0.75
2024-02-23,retention,consumer,0.59
2024-02-23,retention,premium,0.8
2024-02-23,retention,free,0.63
2024-02-23,conversion,enterprise,0.67
2024-02-23,conversion,consumer,0.63
2024-02-23,conversion,premium,0.83
2024-02-23,conversion,free,0.69
2024-02-24,revenue,enterprise,9651.35
2024-02-24,revenue,consumer,4825.37
2024-02-24,revenue,premium,9678.36
2024-02-24,revenue,free,6038.37
2024-02-24,users,enterprise,1019.1
2024-02-24,users,consumer,5107.51
2024-02-24,users,premium,1051.51
2024-02-24,users,free,5059.7
2024-02-24,engagement,enterprise,0.74
2024-02-24,engagement,consumer,0.64
2024-02-24,engagement,premium,0.75
2024-02-24,engagement,free,0.65
2024-02-24,retention,enterprise,0.79
2024-02-24,retention,consumer,0.65
2024-02-24,retention,premium,0.79
2024-02-24,retention,free,0.65
2024-02-24,conversion,enterprise,0.75
2024-02-24,conversion,consumer,0.55
2024-02-24,conversion,premium,0.8
2024-02-24,conversion,free,0.67
2024-02-25,revenue,enterprise,10998.01
2024-02-25,revenue,consumer,3551.87
2024-02-25,revenue,premium,12088.37
2024-02-25,revenue,free,4930.21
2024-02-25,users,enterprise,1055.41
2024-02-25,users,consumer,4740.02
2024-02-25,users,premium,1030.64
2024-02-25,users,free,4736.65
2024-02-25,engagement,enterprise,0.72
2024-02-25,engagement,consumer,0.75
2024-02-25,engagement,premium,0.74
2024-02-25,engagement,free,0.66
2024-02-25,retention,enterprise,0.79
2024-02-25,retention,consumer,0.67
2024-02-25,retention,premium,0.76
2024-02-25,retention,free,0.67
2024-02-25,conversion,enterprise,0.87
2024-02-25,conversion,consumer,0.65
2024-02-25,conversion,premium,0.76
2024-02-25,conversion,free,0.7
2024-02-26,revenue,enterprise,11105.53
2024-02-26,revenue,consumer,5593.52
2024-02-26,revenue,premium,10638.73
2024-02-26,revenue,free,4428.5
2024-02-26,users,enterprise,1081.67
2024-02-26,users,consumer,4713.41
2024-02-26,users,premium,1015.13
2024-02-26,users,free,4811.43
2024-02-26,engagement,enterprise,0.75
2024-02-26,engagement,consumer,0.67
2024-02-26,engagement,premium,0.77
2024-02-26,engagement,free,0.67
2024-02-26,retention,enterprise,0.83
2024-02-26,retention,consumer,0.67
2024-02-26,retention,premium,0.74
2024-02-26,retention,free,0.7
2024-02-26,conversion,enterprise,0.81
2024-02-26,conversion,consumer,0.59
2024-02-26,conversion,premium,0.78
2024-02-26,conversion,free,0.69
2024-02-27,revenue,enterprise,9702.44
2024-02-27,revenue,consumer,5687.85
2024-02-27,revenue,premium,9849.94
2024-02-27,revenue,free,5062.79
2024-02-27,users,enterprise,991.35
2024-02-27,users,consumer,5003.89
2024-02-27,users,premium,945.19
2024-02-27,users,free,4639.99
2024-02-27,engagement,enterprise,0.83
2024-02-27,engagement,consumer,0.61
2024-02-27,engagement,premium,0.7
2024-02-27,engagement,free,0.54
2024-02-27,retention,enterprise,0.72
2024-02-27,retention,consumer,0.58
2024-02-27,retention,premium,0.83
2024-02-27,retention,free,0.7
2024-02-27,conversion,enterprise,0.72
2024-02-27,conversion,consumer,0.76
2024-02-27,conversion,premium,0.8
2024-02-27,conversion,free,0.63
2024-02-28,revenue,enterprise,7500.59
2024-02-28,revenue,consumer,6145.47
2024-02-28,revenue,premium,8610.43
2024-02-28,revenue,free,4177.3
2024-02-28,users,enterprise,1051.13
2024-02-28,users,consumer,5609.94
2024-02-28,users,premium,1069.21
2024-02-28,users,free,5140.98
2024-02-28,engagement,enterprise,0.78
2024-02-28,engagement,consumer,0.69
2024-02-28,engagement,premium,0.79
2024-02-28,engagement,free,0.66
2024-02-28,retention,enterprise,0.76
2024-02-28,retention,consumer,0.65
2024-02-28,retention,premium,0.71
2024-02-28,retention,free,0.64
2024-02-28,conversion,enterprise,0.67
2024-02-28,conversion,consumer,0.65
2024-02-28,conversion,premium,0.7
2024-02-28,conversion,free,0.59
2024-02-29,revenue,enterprise,10179.89
2024-02-29,revenue,consumer,5696.0
2024-02-29,revenue,premium,10918.32
2024-02-29,revenue,free,4214.75
2024-02-29,users,enterprise,950.52
2024-02-29,users,consumer,5235.19
2024-02-29,users,premium,950.88
2024-02-29,users,free,4943.84
2024-02-29,engagement,enterprise,0.78
2024-02-29,engagement,consumer,0.6
2024-02-29,engagement,premium,0.76
2024-02-29,engagement,free,0.58
2024-02-29,retention,enterprise,0.72
2024-02-29,retention,consumer,0.67
2024-02-29,retention,premium,0.67
2024-02-29,retention,free,0.67
2024-02-29,conversion,enterprise,0.75
2024-02-29,conversion,consumer,0.68
2024-02-29,conversion,premium,0.76
2024-02-29,conversion,free,0.72
2024-03-01,revenue,enterprise,10125.22
2024-03-01,revenue,consumer,4785.3
2024-03-01,revenue,premium,10122.3
2024-03-01,revenue,free,5271.65
2024-03-01,users,enterprise,1002.44
2024-03-01,users,consumer,5010.15
2024-03-01,users,premium,964.9
2024-03-01,users,free,4834.27
2024-03-01,engagement,enterprise,0.68
2024-03-01,engagement,consumer,0.74
2024-03-01,engagement,premium,0.69
2024-03-01,engagement,free,0.62
2024-03-01,retention,enterprise,0.71
2024-03-01,retention,consumer,0.69
2024-03-01,retention,premium,0.74
2024-03-01,retention,free,0.71
2024-03-01,conversion,enterprise,0.72
2024-03-01,conversion,consumer,0.66
2024-03-01,conversion,premium,0.71
2024-03-01,conversion,free,0.76
2024-03-02,revenue,enterprise,8812.4
2024-03-02,revenue,consumer,5154.91
2024-03-02,revenue,premium,10633.78
2024-03-02,revenue,free,5206.9
2024-03-02,users,enterprise,990.74
2024-03-02,users,consumer,4967.54
2024-03-02,users,premium,1002.19
2024-03-02,users,free,4963.25
2024-03-02,engagement,enterprise,0.8
2024-03-02,engagement,consumer,0.76
2024-03-02,engagement,premium,0.72
2024-03-02,engagement,free,0.58
2024-03-02,retention,enterprise,0.75
2024-03-02,retention,consumer,0.78
2024-03-02,retention,premium,0.71
2024-03-02,retention,free,0.73
2024-03-02,conversion,enterprise,0.83
2024-03-02,conversion,consumer,0.62
2024-03-02,conversion,premium,0.78
2024-03-02,conversion,free,0.73
2024-03-03,revenue,enterprise,9620.87
2024-03-03,revenue,consumer,4898.21
2024-03-03,revenue,premium,9418.32
2024-03-03,revenue,free,4492.62
2024-03-03,users,enterprise,967.54
2024-03-03,users,consumer,4694.01
2024-03-03,users,premium,1001.7
2024-03-03,users,free,4807.51
2024-03-03,engagement,enterprise,0.76
2024-03-03,engagement,consumer,0.57
2024-03-03,engagement,premium,0.77
2024-03-03,engagement,free,0.69
2024-03-03,retention,enterprise,0.65
2024-03-03,retention,consumer,0.67
2024-03-03,retention,premium,0.81
2024-03-03,retention,free,0.59
2024-03-03,conversion,enterprise,0.83
2024-03-03,conversion,consumer,0.67
2024-03-03,conversion,premium,0.71
2024-03-03,conversion,free,0.65
2024-03-04,revenue,enterprise,10558.33
2024-03-04,revenue,consumer,5038.0
2024-03-04,revenue,premium,10538.76
2024-03-04,revenue,free,4539.66
2024-03-04,users,enterprise,1008.47
2024-03-04,users,consumer,4646.57
2024-03-04,users,premium,994.44
2024-03-04,users,free,4774.02
2024-03-04,engagement,enterprise,0.71
2024-03-04,engagement,consumer,0.71
2024-03-04,engagement,premium,0.8
2024-03-04,engagement,free,0.68
2024-03-04,retention,enterprise,0.7
2024-03-04,retention,consumer,0.63
2024-03-04,retention,premium,0.81
2024-03-04,retention,free,0.66
2024-03-04,conversion,enterprise,0.87
2024-03-04,conversion,consumer,0.67
2024-03-04,conversion,premium,0.76
2024-03-04,conversion,free,0.63
2024-03-05,revenue,enterprise,10133.54
2024-03-05,revenue,consumer,4923.77
2024-03-05,revenue,premium,10708.11
2024-03-05,revenue,free,5478.35
2024-03-05,users,enterprise,960.7
2024-03-05,users,consumer,4667.19
2024-03-05,users,premium,908.19
2024-03-05,users,free,5127.0
2024-03-05,engagement,enterprise,0.69
2024-03-05,engagement,consumer,0.54
2024-03-05,engagement,premium,0.77
2024-03-05,engagement,free,0.77
2024-03-05,retention,enterprise,0.75
2024-03-05,retention,consumer,0.69
2024-03-05,retention,premium,0.75
2024-03-05,retention,free,0.65
2024-03-05,conversion,enterprise,0.8
2024-03-05,conversion,consumer,0.64
2024-03-05,conversion,premium,0.76
2024-03-05,conversion,free,0.67
2024-03-06,revenue,enterprise,9331.91
2024-03-06,revenue,consumer,5496.02
2024-03-06,revenue,premium,9825.04
2024-03-06,revenue,free,4622.13
2024-03-06,users,enterprise,1026.83
2024-03-06,users,consumer,4775.38
2024-03-06,users,premium,1001.41
2024-03-06,users,free,4997.72
2024-03-06,engagement,enterprise,0.8
2024-03-06,engagement,consumer,0.67
2024-03-06,engagement,premium,0.75
2024-03-06,engagement,free,0.69
2024-03-06,retention,enterprise,0.82
2024-03-06,retention,consumer,0.68
2024-03-06,retention,premium,0.75
2024-03-06,retention,free,0.58
2024-03-06,conversion,enterprise,0.7
2024-03-06,conversion,consumer,0.63
2024-03-06,conversion,premium,0.72
2024-03-06,conversion,free,0.64
2024-03-07,revenue,enterprise,10056.65
2024-03-07,revenue,consumer,5264.85
2024-03-07,revenue,premium,9929.5
2024-03-07,revenue,free,5243.25
2024-03-07,users,enterprise,1003.22
2024-03-07,users,consumer,4506.13
2024-03-07,users,premium,953.03
2024-03-07,users,free,4963.98
2024-03-07,engagement,enterprise,0.69
2024-03-07,engagement,consumer,0.68
2024-03-07,engagement,premium,0.83
2024-03-07,engagement,free,0.71
2024-03-07,retention,enterprise,0.74
2024-03-07,retention,consumer,0.72
2024-03-07,retention,premium,0.76
2024-03-07,retention,free,0.63
2024-03-07,conversion,enterprise,0.72
2024-03-07,conversion,consumer,0.63
2024-03-07,conversion,premium,0.73
2024-03-07,conversion,free,0.66
2024-03-08,revenue,enterprise,10160.57
2024-03-08,revenue,consumer,5001.52
2024-03-08,revenue,premium,10436.94
2024-03-08,revenue,free,5595.32
2024-03-08,users,enterprise,1047.48
2024-03-08,users,consumer,4628.78
2024-03-08,users,premium,872.3
2024-03-08,users,free,5233.58
2024-03-08,engagement,enterprise,0.68
2024-03-08,engagement,consumer,0.64
2024-03-08,engagement,premium,0.69
2024-03-08,engagement,free,0.56
2024-03-08,retention,enterprise,0.78
2024-03-08,retention,consumer,0.69
2024-03-08,retention,premium,0.72
2024-03-08,retention,free,0.52
2024-03-08,conversion,enterprise,0.72
2024-03-08,conversion,consumer,0.67
2024-03-08,conversion,premium,0.68
2024-03-08,conversion,free,0.66
2024-03-09,revenue,enterprise,9984.69
2024-03-09,revenue,consumer,5289.65
2024-03-09,revenue,premium,10119.58
2024-03-09,revenue,free,4513.47
2024-03-09,users,enterprise,1059.83
2024-03-09,users,consumer,4960.37
2024-03-09,users,premium,998.63
2024-03-09,users,free,4766.68
2024-03-09,engagement,enterprise,0.73
2024-03-09,engagement,consumer,0.61
2024-03-09,engagement,premium,0.74
2024-03-09,engagement,free,0.74
2024-03-09,retention,enterprise,0.68
2024-03-09,retention,consumer,0.57
2024-03-09,retention,premium,0.82
2024-03-09,retention,free,0.64
2024-03-09,conversion,enterprise,0.72
2024-03-09,conversion,consumer,0.7
2024-03-09,conversion,premium,0.72
2024-03-09,conversion,free,0.74
2024-03-10,revenue,enterprise,10677.93
2024-03-10,revenue,consumer,4756.04
2024-03-10,revenue,premium,12157.31
2024-03-10,revenue,free,4697.14
2024-03-10,users,enterprise,1037.1
2024-03-10,users,consumer,5074.82
2024-03-10,users,premium,1065.09
2024-03-10,users,free,5390.38
2024-03-10,engagement,enterprise,0.75
2024-03-10,engagement,consumer,0.61
2024-03-10,engagement,premium,0.77
2024-03-10,engagement,free,0.62
2024-03-10,retention,enterprise,0.85
2024-03-10,retention,consumer,0.66
2024-03-10,retention,premium,0.73
2024-03-10,retention,free,0.66
2024-03-10,conversion,enterprise,0.68
2024-03-10,conversion,consumer,0.6
2024-03-10,conversion,premium,0.81
2024-03-10,conversion,free,0.62
2024-03-11,revenue,enterprise,8953.09
2024-03-11,revenue,consumer,5268.33
2024-03-11,revenue,premium,11185.7
2024-03-11,revenue,free,5359.48
2024-03-11,users,enterprise,1049.8
2024-03-11,users,consumer,4810.8
2024-03-11,users,premium,928.91
2024-03-11,users,free,5375.33
2024-03-11,engagement,enterprise,0.73
2024-03-11,engagement,consumer,0.64
2024-03-11,engagement,premium,0.82
2024-03-11,engagement,free,0.68
2024-03-11,retention,enterprise,0.77
2024-03-11,retention,consumer,0.76
2024-03-11,retention,premium,0.72
2024-03-11,retention,free,0.7
2024-03-11,conversion,enterprise,0.75
2024-03-11,conversion,consumer,0.66
2024-03-11,conversion,premium,0.83
2024-03-11,conversion,free,0.68
2024-03-12,revenue,enterprise,10538.3
2024-03-12,revenue,consumer,5536.25
2024-03-12,revenue,premium,9635.05
2024-03-12,revenue,free,4580.4
2024-03-12,users,enterprise,947.76
2024-03-12,users,consumer,4508.41
2024-03-12,users,premium,1102.81
2024-03-12,users,free,4724.2
2024-03-12,engagement,enterprise,0.74
2024-03-12,engagement,consumer,0.64
2024-03-12,engagement,premium,0.77
2024-03-12,engagement,free,0.69
2024-03-12,retention,enterprise,0.79
2024-03-12,retention,consumer,0.62
2024-03-12,retention,premium,0.74
2024-03-12,retention,free,0.66
2024-03-12,conversion,enterprise,0.74
2024-03-12,conversion,consumer,0.73
2024-03-12,conversion,premium,0.77
2024-03-12,conversion,free,0.69
2024-03-13,revenue,enterprise,10662.88
2024-03-13,revenue,consumer,5586.74
2024-03-13,revenue,premium,10181.02
2024-03-13,revenue,free,4351.58
2024-03-13,users,enterprise,1019.98
2024-03-13,users,consumer,4837.16
2024-03-13,users,premium,973.57
2024-03-13,users,free,5146.59
2024-03-13,engagement,enterprise,0.81
2024-03-13,engagement,consumer,0.65
2024-03-13,engagement,premium,0.77
2024-03-13,engagement,free,0.74
2024-03-13,retention,enterprise,0.76
2024-03-13,retention,consumer,0.78
2024-03-13,retention,premium,0.78
2024-03-13,retention,free,0.56
2024-03-13,conversion,enterprise,0.79
2024-03-13,conversion,consumer,0.67
2024-03-13,conversion,premium,0.81
2024-03-13,conversion,free,0.68
2024-03-14,revenue,enterprise,9861.54
2024-03-14,revenue,consumer,4387.85
2024-03-14,revenue,premium,9790.98
2024-03-14,revenue,free,4574.74
2024-03-14,users,enterprise,970.97
2024-03-14,users,consumer,5147.14
2024-03-14,users,premium,1083.5
2024-03-14,users,free,5098.67
2024-03-14,engagement,enterprise,0.69
2024-03-14,engagement,consumer,0.67
2024-03-14,engagement,premium,0.81
2024-03-14,engagement,free,0.62
2024-03-14,retention,enterprise,0.74
2024-03-14,retention,consumer,0.65
2024-03-14,retention,premium,0.71
2024-03-14,retention,free,0.68
2024-03-14,conversion,enterprise,0.74
2024-03-14,conversion,consumer,0.67
2024-03-14,conversion,premium,0.71
2024-03-14,conversion,free,0.63
2024-03-15,revenue,enterprise,10722.38
2024-03-15,revenue,consumer,4813.58
2024-03-15,revenue,premium,11726.96
2024-03-15,revenue,free,4800.18
2024-03-15,users,enterprise,1011.23
2024-03-15,users,consumer,5233.15
2024-03-15,users,premium,929.08
2024-03-15,users,free,4559.8
2024-03-15,engagement,enterprise,0.67
2024-03-15,engagement,consumer,0.71
2024-03-15,engagement,premium,0.72
2024-03-15,engagement,free,0.78
2024-03-15,retention,enterprise,0.72
2024-03-15,retention,consumer,0.66
2024-03-15,retention,premium,0.83
2024-03-15,retention,free,0.75
2024-03-15,conversion,enterprise,0.85
2024-03-15,conversion,consumer,0.71
2024-03-15,conversion,premium,0.8
2024-03-15,conversion,free,0.68
2024-03-16,revenue,enterprise,10778.36
2024-03-16,revenue,consumer,4724.41
2024-03-16,revenue,premium,9181.8
2024-03-16,revenue,free,4998.31
2024-03-16,users,enterprise,991.49
2024-03-16,users,consumer,4886.69
2024-03-16,users,premium,1034.82
2024-03-16,users,free,5238.83
2024-03-16,engagement,enterprise,0.75
2024-03-16,engagement,consumer,0.72
2024-03-16,engagement,premium,0.69
2024-03-16,engagement,free,0.64
2024-03-16,retention,enterprise,0.71
2024-03-16,retention,consumer,0.56
2024-03-16,retention,premium,0.75
2024-03-16,retention,free,0.64
2024-03-16,conversion,enterprise,0.83
2024-03-16,conversion,consumer,0.68
2024-03-16,conversion,premium,0.7
2024-03-16,conversion,free,0.74
2024-03-17,revenue,enterprise,11221.03
2024-03-17,revenue,consumer,5291.05
2024-03-17,revenue,premium,9773.52
2024-03-17,revenue,free,4520.28
2024-03-17,users,enterprise,981.39
2024-03-17,users,consumer,5272.19
2024-03-17,users,premium,1094.23
2024-03-17,users,free,5385.81
2024-03-17,engagement,enterprise,0.73
2024-03-17,engagement,consumer,0.59
2024-03-17,engagement,premium,0.76
2024-03-17,engagement,free,0.56
2024-03-17,retention,enterprise,0.77
2024-03-17,retention,consumer,0.64
2024-03-17,retention,premium,0.73
2024-03-17,retention,free,0.57
2024-03-17,conversion,enterprise,0.78
2024-03-17,conversion,consumer,0.62
2024-03-17,conversion,premium,0.69
2024-03-17,conversion,free,0.51
2024-03-18,revenue,enterprise,9972.49
2024-03-18,revenue,consumer,5886.13
2024-03-18,revenue,premium,11661.26
2024-03-18,revenue,free,4771.45
2024-03-18,users,enterprise,969.89
2024-03-18,users,consumer,5117.19
2024-03-18,users,premium,950.08
2024-03-18,users,free,5075.45
2024-03-18,engagement,enterprise,0.79
2024-03-18,engagement,consumer,0.71
2024-03-18,engagement,premium,0.74
2024-03-18,engagement,free,0.64
2024-03-18,retention,enterprise,0.71
2024-03-18,retention,consumer,0.61
2024-03-18,retention,premium,0.74
2024-03-18,retention,free,0.67
2024-03-18,conversion,enterprise,0.8
2024-03-18,conversion,consumer,0.61
2024-03-18,conversion,premium,0.82
2024-03-18,conversion,free,0.64
2024-03-19,revenue,enterprise,9978.63
2024-03-19,revenue,consumer,4626.39
2024-03-19,revenue,premium,7575.76
2024-03-19,revenue,free,5442.02
2024-03-19,users,enterprise,1036.84
2024-03-19,users,consumer,4929.67
2024-03-19,users,premium,1003.35
2024-03-19,users,free,5128.98
2024-03-19,engagement,enterprise,0.67
2024-03-19,engagement,consumer,0.62
2024-03-19,engagement,premium,0.79
2024-03-19,engagement,free,0.59
2024-03-19,retention,enterprise,0.76
2024-03-19,retention,consumer,0.58
2024-03-19,retention,premium,0.77
2024-03-19,retention,free,0.65
2024-03-19,conversion,enterprise,0.67
2024-03-19,conversion,consumer,0.71
2024-03-19,conversion,premium,0.71
2024-03-19,conversion,free,0.61
2024-03-20,revenue,enterprise,10200.57
2024-03-20,revenue,consumer,5574.32
2024-03-20,revenue,premium,8984.18
2024-03-20,revenue,free,5030.84
2024-03-20,users,enterprise,1021.44
2024-03-20,users,consumer,5173.28
2024-03-20,users,premium,1008.82
2024-03-20,users,free,4908.24
2024-03-20,engagement,enterprise,0.71
2024-03-20,engagement,consumer,0.65
2024-03-20,engagement,premium,0.7
2024-03-20,engagement,free,0.5
2024-03-20,retention,enterprise,0.77
2024-03-20,retention,consumer,0.7
2024-03-20,retention,premium,0.63
2024-03-20,retention,free,0.6
2024-03-20,conversion,enterprise,0.78
2024-03-20,conversion,consumer,0.75
2024-03-20,conversion,premium,0.75
2024-03-20,conversion,free,0.61
2024-03-21,revenue,enterprise,9817.1
2024-03-21,revenue,consumer,5687.44
2024-03-21,revenue,premium,9354.04
2024-03-21,revenue,free,4600.4
2024-03-21,users,enterprise,975.86
2024-03-21,users,consumer,4761.67
2024-03-21,users,premium,1006.13
2024-03-21,users,free,5406.17
2024-03-21,engagement,enterprise,0.77
2024-03-21,engagement,consumer,0.64
2024-03-21,engagement,premium,0.74
2024-03-21,engagement,free,0.57
2024-03-21,retention,enterprise,0.79
2024-03-21,retention,consumer,0.65
2024-03-21,retention,premium,0.74
2024-03-21,retention,free,0.81
2024-03-21,conversion,enterprise,0.76
2024-03-21,conversion,consumer,0.61
2024-03-21,conversion,premium,0.73
2024-03-21,conversion,free,0.71
2024-03-22,revenue,enterprise,10113.27
2024-03-22,revenue,consumer,4280.86
2024-03-22,revenue,premium,10919.23
2024-03-22,revenue,free,4665.93
2024-03-22,users,enterprise,1093.66
2024-03-22,users,consumer,5270.01
2024-03-22,users,premium,977.63
2024-03-22,users,free,5320.25
2024-03-22,engagement,enterprise,0.75
2024-03-22,engagement,consumer,0.69
2024-03-22,engagement,premium,0.77
2024-03-22,engagement,free,0.61
2024-03-22,retention,enterprise,0.72
2024-03-22,retention,consumer,0.7
2024-03-22,retention,premium,0.73
2024-03-22,retention,free,0.63
2024-03-22,conversion,enterprise,0.7
2024-03-22,conversion,consumer,0.67
2024-03-22,conversion,premium,0.85
2024-03-22,conversion,free,0.6
2024-03-23,revenue,enterprise,10024.22
2024-03-23,revenue,consumer,5706.11
2024-03-23,revenue,premium,9920.36
2024-03-23,revenue,free,5226.19
2024-03-23,users,enterprise,946.88
2024-03-23,users,consumer,5107.08
2024-03-23,users,premium,990.64
2024-03-23,users,free,5246.43
2024-03-23,engagement,enterprise,0.81
2024-03-23,engagement,consumer,0.78
2024-03-23,engagement,premium,0.78
2024-03-23,engagement,free,0.67
2024-03-23,retention,enterprise,0.76
2024-03-23,retention,consumer,0.63
2024-03-23,retention,premium,0.77
2024-03-23,retention,free,0.64
2024-03-23,conversion,enterprise,0.76
2024-03-23,conversion,consumer,0.72
2024-03-23,conversion,premium,0.7
2024-03-23,conversion,free,0.71
2024-03-24,revenue,enterprise,11317.12
2024-03-24,revenue,consumer,4940.97
2024-03-24,revenue,premium,7878.15
2024-03-24,revenue,free,4696.09
2024-03-24,users,enterprise,1064.85
2024-03-24,users,consumer,4994.28
2024-03-24,users,premium,950.03
2024-03-24,users,free,4873.81
2024-03-24,engagement,enterprise,0.79
2024-03-24,engagement,consumer,0.68
2024-03-24,engagement,premium,0.74
2024-03-24,engagement,free,0.63
2024-03-24,retention,enterprise,0.73
2024-03-24,retention,consumer,0.6
2024-03-24,retention,premium,0.83
2024-03-24,retention,free,0.63
2024-03-24,conversion,enterprise,0.81
2024-03-24,conversion,consumer,0.73
2024-03-24,conversion,premium,0.8
2024-03-24,conversion,free,0.63
2024-03-25,revenue,enterprise,10403.73
2024-03-25,revenue,consumer,4987.9
2024-03-25,revenue,premium,9096.3
2024-03-25,revenue,free,5162.18
2024-03-25,users,enterprise,941.05
2024-03-25,users,consumer,5296.92
2024-03-25,users,premium,976.77
2024-03-25,users,free,5050.29
2024-03-25,engagement,enterprise,0.76
2024-03-25,engagement,consumer,0.64
2024-03-25,engagement,premium,0.78
2024-03-25,engagement,free,0.63
2024-03-25,retention,enterprise,0.79
2024-03-25,retention,consumer,0.58
2024-03-25,retention,premium,0.76
2024-03-25,retention,free,0.75
2024-03-25,conversion,enterprise,0.7
2024-03-25,conversion,consumer,0.62
2024-03-25,conversion,premium,0.78
2024-03-25,conversion,free,0.66
2024-03-26,revenue,enterprise,10350.63
2024-03-26,revenue,consumer,5244.59
2024-03-26,revenue,premium,10634.72
2024-03-26,revenue,free,5554.85
2024-03-26,users,enterprise,1020.49
2024-03-26,users,consumer,4939.69
2024-03-26,users,premium,1033.63
2024-03-26,users,free,5474.97
2024-03-26,engagement,enterprise,0.74
2024-03-26,engagement,consumer,0.6
2024-03-26,engagement,premium,0.81
2024-03-26,engagement,free,0.64
2024-03-26,retention,enterprise,0.64
2024-03-26,retention,consumer,0.69
2024-03-26,retention,premium,0.72
2024-03-26,retention,free,0.65
2024-03-26,conversion,enterprise,0.77
2024-03-26,conversion,consumer,0.66
2024-03-26,conversion,premium,0.79
2024-03-26,conversion,free,0.63
2024-03-27,revenue,enterprise,10513.11
2024-03-27,revenue,consumer,4870.23
2024-03-27,revenue,premium,10738.81
2024-03-27,revenue,free,5307.68
2024-03-27,users,enterprise,953.23
2024-03-27,users,consumer,5271.5
2024-03-27,users,premium,973.2
2024-03-27,users,free,5202.01
2024-03-27,engagement,enterprise,0.77
2024-03-27,engagement,consumer,0.74
2024-03-27,engagement,premium,0.74
2024-03-27,engagement,free,0.63
2024-03-27,retention,enterprise,0.75
2024-03-27,retention,consumer,0.63
2024-03-27,retention,premium,0.79
2024-03-27,retention,free,0.57
2024-03-27,conversion,enterprise,0.7
2024-03-27,conversion,consumer,0.6
2024-03-27,conversion,premium,0.8
2024-03-27,conversion,free,0.74
2024-03-28,revenue,enterprise,9895.55
2024-03-28,revenue,consumer,4915.59
2024-03-28,revenue,premium,10070.05
2024-03-28,revenue,free,5580.94
2024-03-28,users,enterprise,953.63
2024-03-28,users,consumer,5059.59
2024-03-28,users,premium,1048.76
2024-03-28,users,free,5125.27
2024-03-28,engagement,enterprise,0.76
2024-03-28,engagement,consumer,0.7
2024-03-28,engagement,premium,0.61
2024-03-28,engagement,free,0.68
2024-03-28,retention,enterprise,0.72
2024-03-28,retention,consumer,0.56
2024-03-28,retention,premium,0.78
2024-03-28,retention,free,0.72
2024-03-28,conversion,enterprise,0.74
2024-03-28,conversion,consumer,0.7
2024-03-28,conversion,premium,0.83
2024-03-28,conversion,free,0.72
2024-03-29,revenue,enterprise,11639.96
2024-03-29,revenue,consumer,5371.06
2024-03-29,revenue,premium,10075.43
2024-03-29,revenue,free,4199.02
2024-03-29,users,enterprise,987.7
2024-03-29,users,consumer,4789.19
2024-03-29,users,premium,1108.55
2024-03-29,users,free,4956.03
2024-03-29,engagement,enterprise,0.76
2024-03-29,engagement,consumer,0.68
2024-03-29,engagement,premium,0.75
2024-03-29,engagement,free,0.73
2024-03-29,retention,enterprise,0.72
2024-03-29,retention,consumer,0.66
2024-03-29,retention,premium,0.71
2024-03-29,retention,free,0.58
2024-03-29,conversion,enterprise,0.72
2024-03-29,conversion,consumer,0.65
2024-03-29,conversion,premium,0.73
2024-03-29,conversion,free,0.62
2024-03-30,revenue,enterprise,8593.68
2024-03-30,revenue,consumer,4958.45
2024-03-30,revenue,premium,8495.28
2024-03-30,revenue,free,5380.03
2024-03-30,users,enterprise,1004.12
2024-03-30,users,consumer,4635.61
2024-03-30,users,premium,984.54
2024-03-30,users,free,4811.96
2024-03-30,engagement,enterprise,0.77
2024-03-30,engagement,consumer,0.72
2024-03-30,engagement,premium,0.66
2024-03-30,engagement,free,0.66
2024-03-30,retention,enterprise,0.74
2024-03-30,retention,consumer,0.68
2024-03-30,retention,premium,0.76
2024-03-30,retention,free,0.61
2024-03-30,conversion,enterprise,0.73
2024-03-30,conversion,consumer,0.61
2024-03-30,conversion,premium,0.8
2024-03-30,conversion,free,0.65
